成交日期,证券代码,证券名称,买卖标志,成交价格,成交数量,成交金额,手续费,印花税,过户费
2020-04-10,159995,芯片ETF,买入,0.941,11000,10351.0,5.0,0.0,0.0
2020-04-17,601816,京沪高铁,买入,6.26,100,626.0,5.0,0.0,0.01
2020-05-15,159995,芯片ETF,卖出,1.148,6000,6888.0,5.0,0.0,0.0
2020-05-25,159995,芯片ETF,买入,1.042,6700,6981.4,5.0,0.0,0.0
2020-05-29,159995,芯片ETF,买入,1.035,1900,1966.5,5.0,0.0,0.0
2020-06-23,601988,中国银行,买入,3.45,2900,10005.0,5.0,0.0,0.2
2020-06-29,128108,蓝帆转债,卖出,150.5,10,1505.0,0.3,0.0,0.0
2020-06-30,159995,芯片ETF,卖出,1.177,8000,9416.0,5.0,0.0,0.0
2020-07-01,159995,芯片ETF,卖出,1.205,42200,50851.0,12.71,0.0,0.0
2020-07-01,600036,招商银行,卖出,33.83,300,10149.0,5.0,10.15,0.2
2020-09-02,110073,国投转债,卖出,120.54,10,1205.4,1.0,0.0,0.0
2020-12-09,512760,芯片ETF,买入,1.196,1000,1196.0,5.0,0.0,0.0
2021-03-24,512760,芯片ETF,买入,1.041,14000,14574.0,5.0,0.0,0.0
2021-03-24,002286,保龄宝,买入,9.6,1600,15360.0,5.0,0.0,0.0
2021-03-24,128132,交建转债,卖出,91.4,10,914.0,0.18,0.0,0.0
2021-03-26,127018,本钢转债,卖出,82.047,10,820.47,0.16,0.0,0.0
2021-03-26,159995,芯片ETF,卖出,1.109,100,110.9,5.0,0.0,0.0
2021-03-26,002286,保龄宝,卖出,10.12,1600,16192.0,5.0,16.19,0.0
2021-03-26,512760,芯片ETF,卖出,1.066,15000,15990.0,5.0,0.0,0.0
2021-03-31,512760,芯片ETF,买入,1.064,40000,42560.0,10.64,0.0,0.0
2021-04-01,512760,芯片ETF,卖出,1.108,40000,44320.0,11.08,0.0,0.0
2021-04-01,605188,国光连锁,买入,10.13,1300,13169.0,5.0,0.0,0.26
2021-04-06,515710,食品ETF,买入,0.913,65800,60075.4,15.02,0.0,0.0
2021-04-07,601988,中国银行,卖出,3.3,2900,9570.0,5.0,9.57,0.19
2021-04-07,002286,保龄宝,买入,11.662,4100,47814.0,11.95,0.0,0.0
2021-04-09,601816,京沪高铁,卖出,5.92,100,592.0,5.0,0.59,0.01
2021-04-13,113046,金田转债,卖出,101.48,10,1014.8,1.0,0.0,0.0
2021-04-19,605188,国光连锁,卖出,10.85,300,3255.0,5.0,3.26,0.07
2021-04-21,127030,盛虹转债,卖出,122.53,10,1225.3,0.25,0.0,0.0
2021-04-21,605188,国光连锁,卖出,10.51,1000,10510.0,5.0,10.51,0.21
2021-04-23,110079,N杭银转,卖出,114.0,10,1140.0,1.0,0.0,0.0
2021-04-26,515710,食品ETF,卖出,0.939,65800,61786.2,15.45,0.0,0.0
2021-04-26,123111,东财转3,卖出,132.33,10,1323.3,0.26,0.0,0.0
2021-04-29,600030,中信证券,买入,23.73,600,14238.0,5.0,0.0,0.28
2021-04-30,600460,士兰微,买入,35.91,500,17955.0,5.0,0.0,0.36
2021-04-30,000725,京东方Ａ,买入,7.27,400,2908.0,5.0,0.0,0.0
2021-05-07,512760,芯片ETF,买入,1.104,5300,5851.2,5.0,0.0,0.0
2021-05-11,600460,士兰微,卖出,32.59,500,16295.0,5.0,16.3,0.33
2021-05-11,000725,京东方Ａ,卖出,6.53,400,2612.0,5.0,2.61,0.0
2021-05-12,127032,苏行转债,卖出,103.1,10,1031.0,0.21,0.0,0.0
2021-05-12,002286,保龄宝,卖出,11.799,4100,48374.0,12.09,48.37,0.0
2021-05-12,512760,芯片ETF,买入,1.098,44900,49300.2,12.33,0.0,0.0
2021-05-17,600030,中信证券,卖出,24.64,600,14784.0,5.0,14.78,0.3
2021-05-18,512760,芯片ETF,卖出,1.13,50200,56726.0,14.18,0.0,0.0
2021-05-18,002352,顺丰控股,买入,68.98,900,62082.0,15.52,0.0,0.0
2021-05-18,000725,京东方Ａ,买入,6.58,800,5264.0,5.0,0.0,0.0
2021-05-26,002352,顺丰控股,卖出,69.9,900,62910.0,15.73,62.91,0.0
2021-05-28,002286,保龄宝,买入,12.51,1500,18765.0,5.0,0.0,0.0
2021-05-31,600143,金发科技,买入,22.41,400,8964.0,5.0,0.0,0.18
2021-06-01,002570,贝因美,买入,6.56,6300,41328.0,10.33,0.0,0.0
2021-06-22,002946,新乳业,买入,15.6,600,9360.0,5.0,0.0,0.0
2021-07-09,000876,新 希 望,买入,13.51,1500,20265.0,5.07,0.0,0.0
2021-07-09,002570,贝因美,卖出,5.44,6200,33728.0,8.43,33.74,0.0
2021-07-13,002946,新乳业,买入,14.89,800,11912.0,5.0,0.0,0.0
2021-07-14,000725,京东方Ａ,卖出,6.58,800,5264.0,5.0,5.26,0.0
2021-07-14,600143,金发科技,卖出,21.09,200,4218.0,5.0,4.22,0.08
2021-07-15,002946,新乳业,买入,14.94,700,10458.0,5.0,0.0,0.0
2021-07-28,000876,新 希 望,卖出,10.9,1300,14170.0,5.0,14.17,0.0
2021-07-29,000876,新 希 望,买入,11.194,1200,13433.0,5.0,0.0,0.0
2021-08-03,515710,食品ETF,买入,0.844,29400,24813.6,6.2,0.0,0.0
2021-08-11,127040,国泰转债,卖出,150.828,10,1508.28,0.3,0.0,0.0
2021-08-12,002286,保龄宝,卖出,12.25,1400,17150.0,5.0,17.16,0.0
2021-08-17,601816,京沪高铁,买入,4.59,100,459.0,5.0,0.0,0.01
2021-08-17,600998,九州通,买入,14.91,1100,16401.0,5.0,0.0,0.33
2021-08-31,600998,九州通,卖出,15.12,1100,16632.0,5.0,16.63,0.33
2021-08-31,515710,食品ETF,买入,0.77,21800,16786.0,5.0,0.0,0.0
2021-08-31,601816,京沪高铁,买入,4.75,1000,4750.0,5.0,0.0,0.1
2021-09-02,118002,天合转债,卖出,145.86,10,1458.6,1.0,0.0,0.0
2021-09-02,601816,京沪高铁,卖出,4.8,1100,5280.0,5.0,5.28,0.11
2021-10-11,000963,华东医药,买入,33.46,100,3346.0,5.0,0.0,0.0
2021-10-20,600143,金发科技,买入,14.02,200,2804.0,5.0,0.0,0.06
2021-10-20,000963,华东医药,卖出,34.28,100,3428.0,5.0,3.43,0.0
2021-10-20,600744,华银电力,买入,6.65,600,3990.0,5.0,0.0,0.08
2021-10-27,600143,金发科技,卖出,11.9,400,4760.0,5.0,4.76,0.1
2021-11-11,600143,金发科技,买入,12.53,700,8771.0,5.0,0.0,0.18
2021-11-15,000876,新 希 望,卖出,15.95,100,1595.0,5.0,1.6,0.0
2021-11-18,123128,首华转债,卖出,111.73,10,1117.3,0.22,0.0,0.0
2021-12-07,127050,麒麟转债,卖出,140.22,10,1402.2,0.28,0.0,0.0
2021-12-09,515710,食品ETF,卖出,0.969,51200,49612.8,12.4,0.0,0.0
2021-12-09,002570,贝因美,卖出,4.89,100,489.0,5.0,0.49,0.0
2021-12-09,600143,金发科技,卖出,13.68,700,9576.0,5.0,9.58,0.19
2021-12-09,600744,华银电力,卖出,6.08,600,3648.0,5.0,3.65,0.07
2021-12-14,002334,英威腾,买入,7.76,2100,16296.0,5.0,0.0,0.0
2021-12-20,159828,医疗ETF,买入,0.842,14800,12461.6,5.0,0.0,0.0
2021-12-20,002334,英威腾,卖出,7.91,2100,16611.0,5.0,16.61,0.0
2021-12-20,513050,中概互联,买入,1.252,800,1001.6,5.0,0.0,0.0
2021-12-20,159828,医疗ETF,买入,0.829,64200,53221.8,13.31,0.0,0.0
2021-12-27,000876,新 希 望,卖出,14.84,1300,19292.0,5.0,19.29,0.0
2021-12-28,600707,彩虹股份,买入,6.85,2800,19180.0,5.0,0.0,0.38
2022-01-05,002946,新乳业,卖出,16.08,2100,33768.0,8.44,33.77,0.0
2022-01-05,600531,豫光金铅,买入,5.93,5700,33801.0,8.45,0.0,0.68
2022-01-11,159828,医疗ETF,买入,0.783,12700,9944.1,5.0,0.0,0.0
2022-01-14,113052,N兴业转,卖出,111.9,10,1119.0,1.0,0.0,0.0
2022-02-09,159828,医疗ETF,买入,0.687,16200,11129.4,5.0,0.0,0.0
2022-02-14,159828,医疗ETF,买入,0.66,30300,19998.0,5.0,0.0,0.0
2022-02-28,600531,豫光金铅,卖出,5.99,200,1198.0,5.0,1.2,0.02
2022-03-09,159828,医疗ETF,买入,0.647,18800,12163.6,5.0,0.0,0.0
2022-03-21,110085,通22转债,卖出,133.64,10,1336.4,1.0,0.0,0.0
2022-04-22,159828,医疗ETF,买入,0.64,13100,8384.0,5.0,0.0,0.0
2022-05-10,113057,N中银转,卖出,105.83,10,1058.3,1.0,0.0,0.0
2022-05-11,159828,医疗ETF,卖出,0.648,170000,110160.0,27.54,0.0,0.0
2022-05-13,512760,芯片ETF,买入,1.053,113000,118989.0,29.75,0.0,0.0
2022-05-17,512760,芯片ETF,卖出,1.067,113000,120571.0,30.14,0.0,0.0
2022-05-17,600998,九州通,买入,12.34,9700,119698.0,29.92,0.0,1.18
2022-06-16,600707,彩虹股份,卖出,4.94,2800,13832.0,5.0,13.83,0.14
2022-06-16,600707,彩虹股份,买入,4.86,100,486.0,5.0,0.0,0.0
2022-06-20,600707,彩虹股份,买入,4.79,3700,17723.0,5.0,0.0,0.17
2022-06-22,600998,九州通,卖出,12.21,9700,118437.0,29.61,118.44,1.18
2022-06-27,159828,医疗ETF,买入,0.716,164900,118068.4,29.52,0.0,0.0
2022-07-13,513050,中概互联,买入,1.119,35700,39948.3,9.99,0.0,0.0
2022-08-16,600531,豫光金铅,卖出,5.43,5400,29322.0,7.33,29.32,0.3
2022-09-02,600531,豫光金铅,买入,5.63,1600,9008.0,5.0,0.0,0.09
2022-09-08,600531,豫光金铅,卖出,5.92,1600,9472.0,5.0,9.47,0.09
2022-09-09,002286,保龄宝,买入,10.32,2700,27864.0,6.97,0.0,0.0
2022-09-13,002286,保龄宝,卖出,10.47,2700,28269.0,7.07,28.27,0.0
2022-09-13,002286,保龄宝,买入,10.39,2700,28053.0,7.01,0.0,0.0
2022-09-19,002286,保龄宝,卖出,9.78,100,978.0,5.0,0.98,0.0
2022-10-17,113062,N常银转,卖出,118.965,10,1189.65,1.0,0.0,0.0
2022-10-19,002786,银宝山新,买入,5.95,17500,104125.0,26.03,0.0,0.0
2022-10-19,159828,医疗ETF,卖出,0.63,164000,103320.0,25.83,0.0,0.0
2022-10-21,600707,彩虹股份,卖出,4.26,3800,16188.0,5.0,16.19,0.16
2022-10-21,513050,中概互联,卖出,0.921,36400,33524.4,8.38,0.0,0.0
2022-10-21,600958,东方证券,买入,7.9,6300,49770.0,12.44,0.0,0.5
2022-10-21,600707,彩虹股份,买入,4.24,100,424.0,5.0,0.0,0.0
2022-10-25,600958,东方证券,卖出,7.65,6200,47430.0,11.86,47.43,0.47
2022-10-26,159828,医疗ETF,买入,0.61,93700,57157.0,14.29,0.0,0.0
2022-10-28,002286,保龄宝,卖出,8.15,2100,17115.0,5.0,17.12,0.0
2022-10-31,002644,佛慈制药,买入,10.14,1600,16224.0,5.0,0.0,0.0
2022-10-31,159828,医疗ETF,卖出,0.593,94600,56097.8,14.02,0.0,0.0
2022-11-01,002644,佛慈制药,卖出,10.4,1600,16640.0,5.0,16.64,0.0
2022-11-01,600196,复星医药,买入,33.51,2700,90477.0,22.62,0.0,0.9
2022-11-02,000423,东阿阿胶,买入,38.3,2800,107240.0,26.81,0.0,0.0
2022-11-02,002786,银宝山新,卖出,6.15,17500,107625.0,26.91,107.63,0.0
2022-11-04,600196,复星医药,卖出,35.635,2700,96214.0,24.05,96.21,0.96
2022-11-04,002286,保龄宝,买入,8.5,11500,97750.0,24.44,0.0,0.0
2022-11-07,000423,东阿阿胶,卖出,37.59,2100,78939.0,19.73,78.95,0.0
2022-11-07,000423,东阿阿胶,卖出,37.58,600,22548.0,5.64,22.55,0.0
2022-11-07,600707,彩虹股份,买入,4.27,23700,101199.0,25.3,0.0,1.01
2022-11-09,600707,彩虹股份,卖出,4.19,23700,99303.0,24.83,99.32,0.95
2022-11-09,002037,保利联合,买入,11.37,8700,98919.0,24.73,0.0,0.0
2022-11-10,002286,保龄宝,卖出,8.75,12000,105000.0,26.25,105.03,0.0
2022-11-10,600887,伊利股份,买入,27.66,3800,105108.0,26.28,0.0,1.06
2022-11-15,002286,保龄宝,买入,9.09,10600,96354.0,24.09,0.0,0.0
2022-11-15,002037,保利联合,卖出,11.12,8600,95632.0,23.91,95.58,0.0
2022-11-15,600900,长江电力,买入,20.12,5300,106636.0,26.66,0.0,1.06
2022-11-15,600887,伊利股份,卖出,28.49,3800,108262.0,27.07,108.26,1.08
2022-11-18,002286,保龄宝,卖出,9.18,10600,97308.0,24.33,97.32,0.0
2022-11-18,002840,华统股份,买入,17.263,5600,96674.0,24.17,0.0,0.0
2022-11-21,600900,长江电力,卖出,21.06,5300,111618.0,27.9,111.62,1.12
2022-11-21,002514,宝馨科技,买入,13.67,8100,110727.0,27.68,0.0,0.0
2022-11-28,002514,宝馨科技,卖出,12.55,8000,100400.0,25.1,100.4,0.0
2022-11-28,600531,豫光金铅,买入,5.56,18000,100080.0,25.02,0.0,1.01
2022-11-28,002840,华统股份,卖出,16.28,5500,89540.0,22.39,89.54,0.0
2022-11-28,000423,东阿阿胶,买入,38.7,2300,89010.0,22.25,0.0,0.0
2022-11-29,000423,东阿阿胶,卖出,39.11,2300,89953.0,22.49,89.95,0.0
2022-11-29,600958,东方证券,买入,8.98,10000,89800.0,22.45,0.0,0.9
2022-11-29,600531,豫光金铅,卖出,5.78,18100,104618.0,26.15,104.61,1.06
2022-11-29,002286,保龄宝,买入,9.19,11400,104766.0,26.19,0.0,0.0
2022-12-01,002286,保龄宝,卖出,9.35,900,8415.0,5.0,8.42,0.0
2022-12-01,002714,牧原股份,买入,48.34,1900,91846.0,22.96,0.0,0.0
2022-12-01,600958,东方证券,卖出,9.18,10100,92718.0,23.18,92.72,0.92
2022-12-06,002286,保龄宝,卖出,9.54,200,1908.0,5.0,1.91,0.0
2022-12-07,002286,保龄宝,卖出,9.53,10400,99112.0,24.78,99.12,0.0
2022-12-07,002312,川发龙蟒,买入,12.09,8100,97929.0,24.48,0.0,0.0
2022-12-08,002312,川发龙蟒,卖出,12.33,8100,99873.0,24.97,99.87,0.0
2022-12-08,002466,天齐锂业,买入,90.09,1100,99099.0,24.77,0.0,0.0
2022-12-08,002714,牧原股份,卖出,48.7,1900,92530.0,23.13,92.53,0.0
2022-12-08,002466,天齐锂业,买入,89.0,1000,89000.0,22.25,0.0,0.0
2022-12-16,002466,天齐锂业,卖出,83.6,2000,167200.0,41.8,167.2,0.0
2022-12-16,002037,保利联合,买入,12.03,14200,170826.0,42.71,0.0,0.0
2022-12-19,002037,保利联合,卖出,12.39,14300,177177.0,44.29,177.18,0.0
2022-12-19,513050,中概互联,买入,1.043,170700,178040.1,44.51,0.0,0.0
2022-12-20,002514,宝馨科技,买入,11.28,15300,172584.0,43.15,0.0,0.0
2022-12-20,513050,中概互联,卖出,1.013,170700,172919.1,43.23,0.0,0.0
2022-12-22,002514,宝馨科技,卖出,10.43,15300,159579.0,39.89,159.59,0.0
2022-12-22,513050,中概互联,买入,1.049,150000,157350.0,39.34,0.0,0.0
2022-12-28,513050,中概互联,卖出,1.053,150000,157950.0,39.49,0.0,0.0
2022-12-28,159828,医疗ETF,买入,0.625,256200,160125.0,40.03,0.0,0.0
2023-01-03,159828,医疗ETF,卖出,0.628,256200,160893.6,40.22,0.0,0.0
2023-01-03,002514,宝馨科技,买入,10.86,14700,159642.0,39.91,0.0,0.0
2023-01-16,002514,宝馨科技,卖出,11.42,14700,167874.0,41.97,167.86,0.0
2023-01-16,002044,美年健康,买入,6.41,26300,168583.0,42.15,0.0,0.0
2023-02-08,000423,东阿阿胶,卖出,46.32,100,4632.0,5.0,4.63,0.0
2023-02-08,002840,华统股份,买入,18.7,200,3740.0,5.0,0.0,0.0
2023-02-09,002840,华统股份,买入,18.62,9400,175028.0,43.76,0.0,0.0
2023-02-09,002044,美年健康,卖出,6.72,26200,176064.0,44.02,176.06,0.0
2023-02-13,001318,阳光乳业,买入,17.05,10500,179025.0,44.76,0.0,0.0
2023-02-13,002840,华统股份,卖出,18.5,9600,177600.0,44.4,177.6,0.0
2023-02-20,001318,阳光乳业,卖出,17.14,10500,179970.0,44.99,179.95,0.0
2023-02-21,600958,东方证券,买入,10.52,17000,178840.0,44.71,0.0,1.79
2023-02-27,600958,东方证券,卖出,10.05,16900,169845.0,42.46,169.86,1.7
2023-02-27,600673,东阳光,买入,9.61,17700,170097.0,42.52,0.0,1.71
2023-03-09,600673,东阳光,卖出,9.28,17600,163328.0,40.83,163.33,1.64
2023-03-09,002044,美年健康,买入,6.91,23600,163076.0,40.77,0.0,0.0
2023-03-21,002044,美年健康,卖出,6.51,23600,153627.0,38.41,153.63,0.0
2023-03-21,600673,东阳光,买入,8.6,17800,153080.0,38.27,0.0,1.53
2023-03-22,600673,东阳光,卖出,8.89,17800,158242.0,39.56,158.25,1.58
2023-03-22,159828,医疗ETF,买入,0.617,257400,158815.8,39.7,0.0,0.0
2023-03-23,159828,医疗ETF,卖出,0.615,257400,158301.0,39.58,0.0,0.0
2023-03-23,513050,中概互联,买入,1.056,149800,158188.8,39.55,0.0,0.0
2023-03-24,513050,中概互联,卖出,1.06,149800,158788.0,39.7,0.0,0.0
2023-03-27,001238,浙江正特,买入,25.78,6100,157258.0,39.31,0.0,0.0
2023-03-28,001238,浙江正特,卖出,25.99,3900,101361.0,25.34,101.37,0.0
2023-03-28,001238,浙江正特,卖出,25.83,2200,56826.0,14.21,56.83,0.0
2023-03-28,600313,农发种业,买入,10.17,15600,158652.0,39.66,0.0,1.58
2023-03-29,600313,农发种业,卖出,9.99,15500,154845.0,38.71,154.86,1.55
2023-03-30,600313,农发种业,买入,9.9,15600,154440.0,38.61,0.0,1.55
2023-04-03,600313,农发种业,卖出,9.9,15600,154440.0,38.61,154.44,1.55
2023-04-03,600958,东方证券,买入,10.61,14600,154906.0,38.73,0.0,1.54
2023-04-11,600958,东方证券,卖出,12.07,14700,177429.0,44.36,177.43,1.77
2023-04-11,600958,东方证券,买入,11.59,15200,176168.0,44.04,0.0,1.76
2023-04-13,600958,东方证券,卖出,11.25,15200,171000.0,42.75,171.03,1.71
2023-04-13,600556,天下秀,买入,9.14,18800,171832.0,42.96,0.0,1.73
2023-04-14,600150,中国船舶,买入,24.47,7400,181078.0,45.27,0.0,1.81
2023-04-14,600556,天下秀,卖出,9.67,18800,181796.0,45.45,181.8,1.82
2023-04-18,600150,中国船舶,卖出,24.86,7400,183964.0,45.99,183.96,1.84
2023-04-18,002466,天齐锂业,买入,83.28,2200,183216.0,45.8,0.0,0.0
2023-04-19,002466,天齐锂业,卖出,83.01,2200,182622.0,45.66,182.62,0.0
2023-04-19,605338,巴比食品,买入,31.68,5700,180576.0,45.14,0.0,1.8
2023-04-21,605338,巴比食品,卖出,26.604,5600,148980.0,37.25,148.98,1.5
2023-04-21,002728,特一药业,买入,22.24,4600,102304.0,25.58,0.0,0.0
2023-04-21,002728,特一药业,买入,22.227,2200,48899.0,12.22,0.0,0.0
2023-04-27,002728,特一药业,卖出,24.25,6800,164900.0,41.23,164.93,0.0
2023-04-27,002044,美年健康,买入,7.1,23200,164720.0,41.18,0.0,0.0
2023-05-09,002044,美年健康,卖出,6.74,16300,109862.0,27.47,109.87,0.0
2023-05-09,600704,物产中大,买入,5.81,26900,156289.0,39.07,0.0,1.58
2023-05-09,002044,美年健康,卖出,6.78,6900,46782.0,11.7,46.77,0.0
2023-05-11,600704,物产中大,卖出,5.62,26800,150616.0,37.65,150.58,1.67
2023-05-11,002044,美年健康,买入,7.02,8240,57844.8,14.46,0.0,0.0
2023-05-11,002044,美年健康,买入,7.09,13000,92170.0,23.04,0.0,0.0
2023-05-12,002044,美年健康,卖出,7.1,300,2130.0,5.0,2.13,0.0
2023-05-12,002044,美年健康,卖出,7.09,20940,148471.6,37.12,148.47,0.0
2023-05-12,002514,宝馨科技,买入,8.82,17000,149940.0,37.49,0.0,0.0
2023-05-17,002514,宝馨科技,卖出,9.23,17000,156910.0,39.23,156.92,0.0
2023-05-17,002840,华统股份,买入,16.37,9600,157152.0,39.29,0.0,0.0
2023-05-23,002840,华统股份,卖出,16.54,9600,158784.0,39.7,158.79,0.0
2023-05-23,600707,彩虹股份,买入,4.62,34300,158466.0,39.62,0.0,1.31
2023-05-30,002044,美年健康,买入,6.3,25400,160020.0,40.01,0.0,0.0
2023-05-30,600707,彩虹股份,卖出,4.66,34300,159838.0,39.96,159.85,1.59
2023-06-01,600556,天下秀,买入,7.5,21800,163500.0,40.88,0.0,1.65
2023-06-01,002044,美年健康,卖出,6.46,25400,164084.0,41.02,164.08,0.0
2023-06-02,600556,天下秀,卖出,7.65,21800,166770.0,41.69,166.77,1.67
2023-06-02,002044,美年健康,买入,6.57,25300,166221.0,41.56,0.0,0.0
2023-06-05,002044,美年健康,卖出,6.82,25300,172546.0,43.14,172.55,0.0
2023-06-05,513050,中概互联,买入,1.018,170000,173060.0,43.27,0.0,0.0
2023-06-05,002044,美年健康,卖出,7.13,100,713.0,5.0,0.71,0.0
2023-06-07,513050,中概互联,卖出,1.024,170000,174080.0,43.52,0.0,0.0
2023-06-07,601019,山东出版,买入,10.98,15700,172386.0,43.1,0.0,1.66
2023-06-14,601019,山东出版,卖出,11.2,15700,175840.0,43.96,175.84,1.76
2023-06-14,603180,金牌厨柜,买入,33.19,5200,172588.0,43.15,0.0,1.7
2023-06-19,603180,金牌厨柜,卖出,32.51,5200,169052.0,42.26,169.02,1.65
2023-06-19,002917,金奥博,买入,11.93,14400,171792.0,42.95,0.0,0.0
2023-06-21,002917,金奥博,买入,11.65,1100,12815.0,5.0,0.0,0.0
2023-06-21,002917,金奥博,卖出,12.02,1100,13222.0,5.0,13.22,0.0
2023-06-29,002917,金奥博,卖出,11.89,14300,170027.0,42.51,170.07,0.0
2023-06-29,002917,金奥博,买入,12.25,13000,159250.0,39.81,0.0,0.0
2023-06-30,002917,金奥博,卖出,12.374,13100,162095.0,40.52,162.12,0.0
2023-06-30,600998,九州通,买入,10.37,15600,161772.0,40.44,0.0,1.6
2023-07-04,600998,九州通,卖出,9.73,15500,150815.0,37.7,150.81,1.53
2023-07-04,600673,东阳光,买入,7.32,20600,150792.0,37.7,0.0,1.5
2023-07-06,600673,东阳光,卖出,7.21,20600,148526.0,37.13,148.39,1.68
2023-07-06,600556,XD天下秀,买入,7.01,21200,148612.0,37.15,0.0,1.49
2023-07-07,301292,N海科,卖出,30.67,500,15335.0,5.0,15.34,0.0
2023-07-10,600313,农发种业,买入,9.44,1600,15104.0,5.0,0.0,0.15
2023-07-12,600556,天下秀,卖出,7.12,21200,150944.0,37.74,150.94,1.51
2023-07-12,600313,农发种业,买入,9.39,16000,150240.0,37.56,0.0,1.51
2023-07-18,600707,彩虹股份,买入,6.76,25800,174408.0,43.6,0.0,1.74
2023-07-18,600313,农发种业,卖出,9.85,17700,174345.0,43.59,174.35,1.74
2023-07-19,600707,彩虹股份,卖出,6.56,25800,169248.0,42.31,169.25,1.69
2023-07-19,600998,九州通,买入,9.92,17000,168640.0,42.16,0.0,1.7
2023-07-21,600998,九州通,卖出,9.94,17000,168980.0,42.25,168.98,1.7
2023-07-21,605338,巴比食品,买入,26.42,6400,169088.0,42.27,0.0,1.72
2023-07-31,605338,巴比食品,卖出,27.23,300,8169.0,5.0,8.17,0.08
2023-08-10,605338,巴比食品,卖出,24.36,6100,148596.0,37.15,148.62,1.44
2023-08-10,000723,美锦能源,买入,8.33,17800,148274.0,37.07,0.0,0.0
2023-08-16,000723,美锦能源,卖出,7.71,17700,136467.0,34.12,136.47,0.0
2023-08-16,603180,金牌厨柜,买入,31.74,4200,133308.0,33.33,0.0,1.33
2023-08-17,603180,金牌厨柜,卖出,32.66,4200,137172.0,34.29,137.17,1.4
2023-08-17,002037,保利联合,买入,9.5,14700,139650.0,34.91,0.0,0.0
2023-08-22,000506,中润资源,买入,4.57,29200,133444.0,33.36,0.0,0.0
2023-08-22,002037,保利联合,卖出,9.14,14600,133444.0,33.36,133.42,0.0
2023-08-24,000506,中润资源,卖出,4.7,29200,137240.0,34.31,137.24,0.0
2023-08-24,600328,中盐化工,买入,9.5,14400,136800.0,34.2,0.0,1.37
2023-08-25,600328,中盐化工,卖出,10.39,14400,149616.0,37.4,149.62,1.49
2023-08-25,002840,华统股份,买入,15.297,9700,148378.0,37.09,0.0,0.0
2023-08-28,002840,华统股份,卖出,14.79,9700,143463.0,33.77,71.76,0.0
2023-08-28,002037,保利联合,买入,9.44,15200,143488.0,33.78,0.0,0.0
2023-08-29,002037,保利联合,卖出,9.54,15300,145962.0,34.36,73.0,0.0
2023-08-29,002037,保利联合,买入,9.52,100,952.0,5.0,0.0,0.0
2023-08-29,513050,中概互联,买入,1.064,137300,146087.2,34.39,0.0,0.0
2023-09-01,513050,中概互联,卖出,1.065,137300,146224.5,34.42,0.0,0.0
2023-09-04,002514,宝馨科技,买入,8.2,17800,145960.0,34.36,0.0,0.0
2023-09-06,600704,物产中大,买入,4.79,30800,147532.0,34.73,0.0,1.47
2023-09-06,002514,宝馨科技,卖出,8.29,17800,147562.0,34.74,73.79,0.0
2023-09-13,600704,物产中大,卖出,4.82,30800,148456.0,34.95,74.22,1.48
2023-09-13,600998,九州通,买入,10.45,14200,148390.0,34.93,0.0,1.48
2023-09-22,600998,九州通,卖出,10.7,14200,151940.0,35.77,76.01,1.51
2023-09-22,513050,中概互联,买入,1.018,149100,151783.8,35.73,0.0,0.0
2023-09-28,513050,中概互联,卖出,0.999,149100,148950.9,35.06,0.0,0.0
2023-09-28,600707,彩虹股份,买入,5.96,24900,148404.0,34.93,0.0,1.53
2023-10-09,600707,彩虹股份,卖出,6.1,24900,151890.0,35.75,75.95,1.52
2023-10-09,300158,振东制药,买入,6.18,24600,152028.0,35.79,0.0,0.0
2023-10-10,300158,振东制药,卖出,6.44,24600,158424.0,37.29,79.22,0.0
2023-10-10,002840,华统股份,买入,14.67,10800,158436.0,37.3,0.0,0.0
2023-10-12,002230,科大讯飞,买入,54.29,2900,157441.0,37.06,0.0,0.0
2023-10-12,002840,华统股份,卖出,15.08,10800,162864.0,38.34,81.42,0.0
2023-10-24,002230,科大讯飞,卖出,46.68,2800,130704.0,30.77,65.35,0.0
2023-10-24,002840,华统股份,买入,15.19,8900,135191.0,31.82,0.0,0.0
2023-10-26,002840,华统股份,卖出,16.0,9000,144000.0,33.9,72.0,0.0
2023-10-26,300158,振东制药,买入,6.01,24000,144240.0,33.95,0.0,0.0
2023-10-27,300158,振东制药,卖出,6.14,24000,147360.0,34.69,73.69,0.0
2023-10-27,600707,彩虹股份,买入,6.07,24300,147501.0,34.72,0.0,1.57
2023-11-01,600707,彩虹股份,卖出,5.88,24300,142884.0,33.63,71.42,1.45
2023-11-01,600704,物产中大,买入,4.6,31000,142600.0,33.57,0.0,1.42
2023-11-03,600704,物产中大,卖出,4.59,31100,142749.0,33.6,71.38,1.42
2023-11-03,513050,中概互联,买入,0.995,143500,142782.5,33.61,0.0,0.0
2023-11-06,513050,中概互联,卖出,1.021,143500,146513.5,34.49,0.0,0.0
2023-11-06,600707,彩虹股份,买入,6.23,23400,145782.0,34.32,0.0,1.45
2023-11-07,002602,世纪华通,买入,6.08,24100,146528.0,34.49,0.0,0.0
2023-11-07,600707,彩虹股份,卖出,6.29,23400,147186.0,34.65,73.59,1.47
2023-11-08,600998,九州通,买入,7.42,19900,147658.0,34.76,0.0,1.48
2023-11-08,002602,世纪华通,卖出,6.14,24100,147974.0,34.83,73.99,0.0
2023-11-09,600998,九州通,卖出,7.44,19940,148353.6,34.92,74.18,1.48
2023-11-09,300459,汤姆猫,买入,5.29,28100,148649.0,34.99,0.0,0.0
2023-11-13,300459,汤姆猫,卖出,5.32,28100,149492.0,35.19,74.75,0.0
2023-11-13,165508,信诚深度,买入,1.799,1379,2480.82,5.0,0.0,0.0
2023-11-13,002230,科大讯飞,买入,49.62,2900,143898.0,33.87,0.0,0.0
2023-11-15,002230,科大讯飞,卖出,50.55,2900,146595.0,34.51,73.31,0.0
2023-11-15,002514,宝馨科技,买入,9.45,15800,149310.0,35.15,0.0,0.0
2023-11-17,002514,宝馨科技,卖出,9.25,15800,146150.0,34.4,73.08,0.0
2023-11-17,600998,九州通,买入,7.27,20100,146127.0,34.4,0.0,1.47
2023-11-20,600998,九州通,卖出,7.36,20100,147936.0,34.82,73.96,1.48
2023-11-20,600707,彩虹股份,买入,6.26,23600,147736.0,34.78,0.0,1.5
2023-11-22,600613,神奇制药,买入,8.35,17000,141950.0,33.42,0.0,1.44
2023-11-22,600707,彩虹股份,卖出,6.02,23600,142072.0,33.44,71.08,1.43
2023-11-23,600613,神奇制药,卖出,8.48,17000,144160.0,33.94,72.07,1.45
2023-11-23,600613,神奇制药,买入,8.45,17000,143650.0,33.82,0.0,1.44
2023-11-24,600613,神奇制药,卖出,8.84,17000,150280.0,35.38,75.13,1.5
2023-11-24,600613,神奇制药,买入,8.82,17100,150822.0,35.5,0.0,1.52
2023-11-27,600613,神奇制药,卖出,8.51,17100,145521.0,34.26,72.77,1.46
2023-11-28,600707,彩虹股份,买入,6.08,23900,145312.0,34.21,0.0,1.51
2023-11-29,600707,彩虹股份,卖出,6.2,23900,148180.0,34.88,74.09,1.47
2023-11-29,002514,宝馨科技,买入,9.73,15200,147896.0,34.81,0.0,0.0
2023-12-01,165508,信诚深度,卖出,1.783,1379,2458.76,5.0,0.0,0.0
2023-12-01,371069,凯盛发债,买入,100.0,10,1000.0,0.0,0.0,0.0
2023-12-04,002514,宝馨科技,卖出,9.12,15200,138624.0,32.63,69.33,0.0
2023-12-04,300158,振东制药,买入,8.18,17100,139878.0,32.93,0.0,0.0
2023-12-05,605338,巴比食品,买入,24.03,3300,79299.0,18.67,0.0,0.78
2023-12-05,300158,振东制药,卖出,7.8,17000,132600.0,31.21,66.3,0.0
2023-12-06,002466,天齐锂业,买入,53.931,900,48538.0,11.43,0.0,0.0
2023-12-07,605338,巴比食品,卖出,22.83,3300,75339.0,17.73,37.65,0.75
2023-12-07,002466,天齐锂业,卖出,56.21,900,50589.0,11.91,25.29,0.0
2023-12-07,600707,彩虹股份,买入,5.85,22300,130455.0,30.71,0.0,1.35
2023-12-08,600707,彩虹股份,卖出,6.01,22300,134023.0,31.55,67.01,1.34
2023-12-08,159828,医疗ETF,买入,0.496,270400,134118.4,31.57,0.0,0.0
2023-12-12,159828,医疗ETF,卖出,0.491,270400,132766.4,31.25,0.0,0.0
2023-12-12,603890,春秋电子,买入,11.92,11100,132312.0,31.15,0.0,1.33
2023-12-15,123233,凯盛转债,卖出,116.269,10,1162.69,0.23,0.0,0.0
2023-12-18,513050,中概互联,买入,0.96,124700,119712.0,28.18,0.0,0.0
2023-12-18,603890,春秋电子,卖出,10.76,11000,118360.0,27.86,59.18,1.18
2023-12-21,600313,农发种业,买入,7.58,15800,119764.0,28.19,0.0,1.2
2023-12-21,513050,中概互联,卖出,0.965,124700,120335.5,28.33,0.0,0.0
2023-12-25,600313,农发种业,卖出,7.26,15700,113982.0,26.83,57.0,1.17
2023-12-25,002514,宝馨科技,买入,8.51,13400,114034.0,26.84,0.0,0.0
2023-12-29,002514,宝馨科技,卖出,8.75,13400,117250.0,27.6,58.63,0.0
2023-12-29,600707,彩虹股份,买入,6.76,17300,116948.0,27.53,0.0,1.18
2024-01-16,600707,彩虹股份,卖出,6.55,17300,113315.0,26.67,56.66,1.13
2024-01-16,002466,天齐锂业,买入,58.0,1900,110200.0,25.94,0.0,0.0
2024-01-22,002466,天齐锂业,卖出,55.28,1900,105032.0,24.72,52.5,0.0
2024-01-22,600036,招商银行,买入,29.99,3600,107964.0,25.41,0.0,1.08
2024-01-24,600036,招商银行,卖出,30.09,3600,108324.0,25.5,54.16,1.08
2024-01-24,513050,中概互联,买入,0.872,124700,108738.4,25.6,0.0,0.0
2024-01-25,603890,春秋电子,买入,8.86,12400,109864.0,25.86,0.0,1.1
2024-01-25,513050,中概互联,卖出,0.884,124700,110234.8,25.95,0.0,0.0
2024-01-26,600707,彩虹股份,买入,6.63,16100,106743.0,25.13,0.0,1.07
2024-01-26,603890,春秋电子,卖出,8.62,12400,106888.0,25.16,53.44,1.06
2024-01-30,600707,彩虹股份,卖出,6.03,16100,97083.0,22.85,48.53,0.97
2024-01-30,002044,美年健康,买入,5.13,18900,96957.0,22.82,0.0,0.0
2024-02-01,002044,美年健康,卖出,5.01,18800,94188.0,22.17,47.09,0.0
2024-02-01,600636,国新文化,买入,10.5,9000,94500.0,22.25,0.0,0.95
2024-02-07,600636,国新文化,卖出,8.02,8900,71378.0,16.8,35.69,0.71
2024-02-07,300158,振东制药,买入,4.5,15800,71100.0,16.74,0.0,0.0
2024-02-08,300158,振东制药,卖出,4.96,15800,78368.0,18.45,39.18,0.0
2024-02-08,002466,天齐锂业,买入,45.85,1700,77945.0,18.35,0.0,0.0
2024-02-22,002466,天齐锂业,卖出,46.86,1700,79662.0,18.75,39.83,0.0
2024-02-22,300158,振东制药,买入,5.07,15800,80106.0,18.86,0.0,0.0
2024-02-26,300158,振东制药,卖出,5.1,15800,80580.0,18.97,40.31,0.0
2024-02-27,605338,巴比食品,买入,17.71,400,7084.0,5.0,0.0,0.07
2024-02-28,002466,天齐锂业,买入,50.98,1400,71372.0,16.8,0.0,0.0
2024-02-29,002466,天齐锂业,卖出,52.7,1400,73780.0,17.37,36.89,0.0
2024-02-29,605338,巴比食品,卖出,17.17,400,6868.0,5.0,3.44,0.06
2024-02-29,600313,农发种业,买入,7.85,10200,80070.0,18.85,0.0,0.8
2024-03-05,600313,农发种业,卖出,7.49,10200,76398.0,17.98,38.19,0.76
2024-03-05,600673,东阳光,买入,7.67,10000,76700.0,18.06,0.0,0.76
2024-03-08,600673,东阳光,卖出,7.61,10000,76100.0,17.91,38.04,0.78
2024-03-08,600707,彩虹股份,买入,7.2,10500,75600.0,17.8,0.0,0.74
2024-03-11,600707,彩虹股份,卖出,7.32,10500,76860.0,18.09,38.43,0.76
2024-03-11,605338,巴比食品,买入,16.93,4500,76185.0,17.93,0.0,0.78
2024-03-14,605338,巴比食品,卖出,17.24,4500,77580.0,18.26,38.73,0.8
2024-03-14,002508,老板电器,买入,25.11,3100,77841.0,18.32,0.0,0.0
2024-03-15,600673,东阳光,买入,7.91,9900,78309.0,18.43,0.0,0.79
2024-03-15,002508,老板电器,卖出,25.08,3100,77748.0,18.3,38.81,0.0
2024-03-19,600673,东阳光,卖出,8.27,9900,81873.0,19.27,40.94,0.82
2024-03-19,600673,东阳光,买入,8.53,9600,81888.0,19.28,0.0,0.82
2024-03-25,600673,东阳光,卖出,8.46,9600,81216.0,19.12,40.61,0.81
2024-03-26,600673,东阳光,买入,8.72,9300,81096.0,19.09,0.0,0.81
2024-03-28,600673,东阳光,卖出,8.73,9300,81189.0,19.11,40.6,0.86
2024-03-28,600998,九州通,买入,7.96,10200,81192.0,19.11,0.0,0.81
2024-03-29,600998,九州通,卖出,8.09,10200,82518.0,19.42,41.26,0.83
2024-03-29,600707,彩虹股份,买入,7.35,11200,82320.0,19.38,0.0,0.82
2024-04-02,600707,彩虹股份,卖出,8.46,11200,94752.0,22.3,47.38,0.95
2024-04-03,002044,美年健康,买入,5.01,18600,93186.0,21.94,0.0,0.0
2024-04-08,002044,美年健康,卖出,4.88,18600,90768.0,21.37,45.33,0.0
2024-04-09,600673,东阳光,买入,9.03,10000,90300.0,21.26,0.0,0.92
2024-04-10,513050,中概互联,买入,0.964,95400,91965.6,21.65,0.0,0.0
2024-04-10,600673,东阳光,卖出,9.17,10000,91700.0,21.59,45.85,0.92
2024-04-11,513050,中概互联,卖出,0.965,95400,92061.0,21.67,0.0,0.0
2024-04-11,600795,国电电力,买入,5.28,17400,91872.0,21.63,0.0,0.92
2024-04-12,600795,国电电力,卖出,5.3,17400,92220.0,21.71,46.11,0.93
2024-04-12,600707,彩虹股份,买入,7.83,11700,91611.0,21.57,0.0,0.92
2024-04-15,600707,彩虹股份,卖出,7.88,11700,92196.0,21.7,45.97,1.0
2024-04-15,603082,北自科技,买入,40.15,2300,92345.0,21.74,0.0,0.92
2024-04-22,603082,北自科技,卖出,34.93,2200,76846.0,18.09,38.43,0.77
2024-04-22,605338,巴比食品,买入,16.15,4700,75905.0,17.87,0.0,0.76
2024-04-24,605338,巴比食品,卖出,16.26,4700,76422.0,17.99,38.21,0.76
2024-04-24,600707,彩虹股份,买入,7.37,10500,77385.0,18.22,0.0,0.74
2024-04-25,600707,彩虹股份,卖出,7.48,10500,78540.0,18.49,39.05,0.91
2024-04-25,002044,美年健康,买入,4.58,17100,78318.0,18.44,0.0,0.0
2024-04-26,002044,美年健康,卖出,4.7,17100,80370.0,18.92,40.2,0.0
2024-04-26,603082,北自科技,买入,38.29,2100,80409.0,18.93,0.0,0.81
2024-05-06,600313,农发种业,买入,6.87,11600,79692.0,18.76,0.0,0.8
2024-05-06,603082,北自科技,卖出,38.32,2100,80472.0,18.94,40.24,0.8
2024-05-09,600313,农发种业,卖出,6.94,11600,80504.0,18.95,40.25,0.81
2024-05-09,600031,XD三一重,买入,17.46,4600,80316.0,18.91,0.0,0.8
2024-05-14,600031,XD三一重,卖出,16.93,4500,76185.0,17.93,38.09,0.76
2024-05-14,513050,中概互联,买入,1.114,68400,76197.6,17.94,0.0,0.0
2024-05-17,513050,中概互联,卖出,1.148,68400,78523.2,18.48,0.0,0.0
2024-05-17,603082,北自科技,买入,35.77,2100,75117.0,17.68,0.0,0.75
2024-05-28,603082,北自科技,卖出,33.6,2100,70560.0,16.61,35.28,0.71
2024-05-28,513050,中概互联,买入,1.097,67300,73828.1,17.38,0.0,0.0
2024-05-29,513050,中概互联,卖出,1.063,67300,71539.9,16.84,0.0,0.0
2024-05-29,603890,春秋电子,买入,9.61,7400,71114.0,16.74,0.0,0.73
2024-07-24,600636,国新文化,买入,7.79,7800,60762.0,14.3,0.0,0.6
2024-07-24,603890,春秋电子,卖出,8.2,7400,60680.0,14.28,30.34,0.61
2024-08-02,600636,国新文化,卖出,7.88,7800,61464.0,14.47,30.73,0.62
2024-08-02,002840,华统股份,买入,14.59,4200,61278.0,14.42,0.0,0.0
2024-08-08,002840,华统股份,卖出,13.69,4100,56129.0,13.21,28.06,0.0
2024-08-08,300158,振东制药,买入,4.59,12300,56457.0,13.29,0.0,0.0
2024-08-14,300158,振东制药,卖出,4.18,12300,51414.0,12.1,25.72,0.0
2024-08-14,600707,彩虹股份,买入,6.32,8100,51192.0,12.05,0.0,0.5
2024-08-21,600707,彩虹股份,卖出,6.54,8200,53628.0,12.62,26.82,0.54
2024-08-21,600636,国新文化,买入,7.47,7200,53784.0,12.66,0.0,0.54
2024-08-27,600636,国新文化,卖出,7.2,7300,52560.0,12.37,26.28,0.52
2024-08-27,300158,振东制药,买入,4.05,13000,52650.0,12.39,0.0,0.0
2024-09-04,300158,振东制药,卖出,3.97,13100,52007.0,12.24,26.0,0.0
2024-09-04,600998,九州通,买入,4.81,10800,51948.0,12.23,0.0,0.52
2024-09-25,600636,国新文化,买入,8.21,6700,55007.0,12.95,0.0,0.55
2024-09-25,600998,九州通,卖出,5.02,10929,54863.58,12.91,27.43,0.57
2024-09-26,600636,国新文化,卖出,8.36,6700,56012.0,13.19,28.01,0.56
2024-09-26,002230,科大讯飞,买入,37.54,1400,52556.0,12.37,0.0,0.0
2024-09-26,603890,春秋电子,卖出,9.32,100,932.0,5.0,0.47,0.01
2024-09-26,605338,巴比食品,卖出,14.79,100,1479.0,5.0,0.74,0.01
2024-09-27,002840,华统股份,卖出,11.57,100,1157.0,5.0,0.58,0.0
2024-09-27,159828,医疗ETF,买入,0.398,190000,75620.0,17.8,0.0,0.0
2024-09-27,600313,农发种业,卖出,5.73,100,573.0,5.0,0.29,0.01
2024-09-27,002037,保利联合,卖出,7.23,100,723.0,5.0,0.36,0.0
2024-09-27,002044,美年健康,卖出,3.88,100,388.0,5.0,0.19,0.0
2024-09-27,000723,美锦能源,卖出,4.59,100,459.0,5.0,0.23,0.0
2024-09-27,513050,中概互联,卖出,1.21,100,121.0,5.0,0.0,0.0
2024-09-27,002466,天齐锂业,卖出,30.33,100,3033.0,5.0,1.52,0.0
2024-09-27,002230,科大讯飞,卖出,38.72,1500,58080.0,13.67,29.04,0.0
2024-09-27,600673,东阳光,卖出,7.12,100,712.0,5.0,0.36,0.01
2024-09-27,603082,北自科技,卖出,29.52,100,2952.0,5.0,1.48,0.03
2024-09-27,600031,三一重工,卖出,17.62,100,1762.0,5.0,0.88,0.02
2024-09-30,159828,医疗ETF,卖出,0.417,190100,79271.7,18.66,0.0,0.0
2024-09-30,513050,中概互联,买入,1.302,60800,79161.6,18.63,0.0,0.0
2024-10-08,002514,宝馨科技,卖出,5.61,100,561.0,5.0,0.28,0.0
2024-10-08,513050,中概互联,卖出,1.307,60800,79465.6,18.71,0.0,0.0
2024-10-10,000423,东阿阿胶,买入,60.96,1300,79248.0,18.65,0.0,0.0
2024-10-16,000423,东阿阿胶,卖出,58.73,1300,76349.0,17.97,38.21,0.0
2024-10-16,002190,成飞集成,买入,17.41,4400,76604.0,18.03,0.0,0.0
2024-10-18,300059,东方财富,买入,22.99,3200,73568.0,17.32,0.0,0.0
2024-10-18,002190,成飞集成,卖出,17.02,4400,74888.0,17.63,37.44,0.0
2024-10-28,002044,美年健康,买入,4.27,17300,73871.0,17.39,0.0,0.0
2024-10-28,300059,东方财富,卖出,22.58,3200,72256.0,17.01,36.13,0.0
2024-10-31,002044,美年健康,卖出,4.62,17300,79926.0,18.81,39.97,0.0
2024-10-31,600707,彩虹股份,买入,7.63,10400,79352.0,18.68,0.0,0.84
2024-11-04,600707,彩虹股份,卖出,7.25,10400,75400.0,17.75,37.7,0.78
2024-11-04,600887,伊利股份,买入,28.81,2600,74906.0,17.63,0.0,0.75
2024-11-05,600887,伊利股份,卖出,29.03,2600,75478.0,17.77,37.74,0.75
2024-11-06,600313,农发种业,买入,6.93,11000,76230.0,17.94,0.0,0.77
2024-11-07,600313,农发种业,卖出,7.67,11000,84370.0,19.86,42.2,0.86
2024-11-07,002946,新乳业,买入,13.35,6300,84105.0,19.8,0.0,0.0
2024-11-08,002946,新乳业,卖出,13.65,6300,85995.0,20.24,43.0,0.0
2024-11-08,000977,浪潮信息,买入,49.0,1700,83300.0,19.61,0.0,0.0
2024-11-11,002840,华统股份,买入,13.01,7200,93672.0,22.05,0.0,0.0
2024-11-11,000977,浪潮信息,卖出,53.9,1700,91630.0,21.57,45.82,0.0
2024-11-12,002840,华统股份,卖出,12.99,7200,93528.0,22.02,46.76,0.0
2024-11-12,600056,中国医药,买入,12.422,7500,93164.0,21.93,0.0,0.92
2024-11-13,600056,中国医药,卖出,13.29,3680,48907.2,11.51,24.45,0.48
2024-11-13,600056,中国医药,卖出,13.193,3820,50397.8,11.86,25.2,0.51
2024-11-13,002866,传艺科技,买入,17.71,5600,99176.0,23.35,0.0,0.0
2024-11-14,002866,传艺科技,卖出,19.64,5600,109984.0,25.89,54.99,0.0
2024-11-14,002493,荣盛石化,买入,10.28,10700,109996.0,25.89,0.0,0.0
2024-11-15,002493,荣盛石化,卖出,10.0,10700,107000.0,25.19,53.5,0.0
2024-11-15,002230,科大讯飞,买入,55.92,1900,106248.0,25.01,0.0,0.0
2024-11-18,002866,传艺科技,买入,20.75,1100,22825.0,5.37,0.0,0.0
2024-11-18,002230,科大讯飞,卖出,48.01,1900,91219.0,21.47,45.61,0.0
2024-11-18,002866,传艺科技,买入,20.89,3300,68937.0,16.23,0.0,0.0
2024-11-19,002222,福晶科技,买入,32.2,2600,83720.0,19.71,0.0,0.0
2024-11-19,002866,传艺科技,卖出,19.088,4400,83988.0,19.77,41.99,0.0
2024-11-20,002222,福晶科技,卖出,32.794,2600,85264.0,20.07,42.64,0.0
2024-11-21,002840,华统股份,买入,12.499,6800,84992.0,20.01,0.0,0.0
2024-11-22,002840,华统股份,卖出,13.449,6800,91453.0,21.53,45.73,0.0
2024-11-22,002531,天顺风能,买入,8.876,10300,91425.0,21.52,0.0,0.0
2024-11-25,002531,天顺风能,卖出,8.5,10300,87550.0,20.61,43.78,0.0
2024-11-25,002654,万润科技,买入,14.22,6100,86742.0,20.42,0.0,0.0
2024-11-27,002654,万润科技,卖出,13.6,6100,82960.0,19.53,41.48,0.0
2024-11-27,002531,天顺风能,买入,8.9,9300,82770.0,19.48,0.0,0.0
2024-11-28,002531,天顺风能,卖出,9.22,9300,85746.0,20.18,42.87,0.0
2024-11-28,600673,东阳光,买入,8.56,10000,85600.0,20.15,0.0,0.86
2024-11-29,300059,东方财富,买入,27.78,2900,80562.0,18.96,0.0,0.0
2024-11-29,600673,东阳光,卖出,8.23,10000,82300.0,19.37,41.15,0.81
2024-12-02,601118,海南橡胶,买入,6.13,13200,80916.0,19.05,0.0,0.81
2024-12-02,300059,东方财富,卖出,27.37,2900,79373.0,18.68,39.69,0.0
2024-12-04,601118,海南橡胶,卖出,5.89,13200,77748.0,18.3,38.87,0.78
2024-12-04,000066,中国长城,买入,18.08,4300,77744.0,18.3,0.0,0.0
2024-12-06,000066,中国长城,卖出,17.82,4300,76626.0,18.04,38.31,0.0
2024-12-06,600636,国新文化,买入,11.38,6700,76245.0,17.95,0.0,0.75
2024-12-09,600636,国新文化,卖出,11.13,6700,74571.0,17.55,37.35,0.69
2024-12-09,002366,融发核电,买入,5.66,13200,74712.0,17.59,0.0,0.0
2024-12-11,002366,融发核电,卖出,5.41,13200,71412.0,16.81,35.71,0.0
2024-12-11,000100,TCL科技,买入,5.06,14100,71346.0,16.79,0.0,0.0
2024-12-12,000100,TCL科技,卖出,5.09,14100,71769.0,16.89,35.88,0.0
2024-12-12,600056,中国医药,买入,12.29,5800,71282.0,16.78,0.0,0.71
2024-12-13,600056,中国医药,卖出,12.2,5800,70760.0,16.66,35.38,0.71
2024-12-13,300058,蓝色光标,买入,12.21,5800,70818.0,16.67,0.0,0.0
2024-12-17,603220,中贝通信,买入,23.52,2600,61152.0,14.4,0.0,0.61
2024-12-17,300058,蓝色光标,卖出,10.77,5800,62466.0,14.7,31.23,0.0
2024-12-18,603220,中贝通信,卖出,23.54,2600,61204.0,14.41,30.6,0.61
2024-12-18,300189,神农种业,买入,4.892,12800,62612.0,14.74,0.0,0.0
2024-12-19,300189,神农种业,卖出,4.36,12800,55808.0,13.14,27.91,0.0
2024-12-19,000977,浪潮信息,买入,48.36,1100,53196.0,12.52,0.0,0.0
2024-12-20,000977,浪潮信息,卖出,51.325,1100,56457.0,13.29,28.24,0.0
2024-12-20,002173,创新医疗,买入,11.36,5200,59072.0,13.91,0.0,0.0
2024-12-23,002173,创新医疗,卖出,9.92,5200,51584.0,12.14,25.81,0.0
2024-12-23,002728,特一药业,买入,9.49,5400,51246.0,12.06,0.0,0.0
2024-12-24,002728,特一药业,卖出,9.18,5400,49572.0,11.67,24.8,0.0
2024-12-24,000977,浪潮信息,买入,53.33,900,47997.0,11.3,0.0,0.0
2024-12-26,002080,中材科技,买入,14.44,700,10108.0,5.0,0.0,0.0
2024-12-26,601127,赛力斯,买入,134.09,300,40227.0,9.47,0.0,0.4
2024-12-26,000977,浪潮信息,卖出,54.01,900,48609.0,11.44,24.3,0.0
2024-12-27,601127,赛力斯,卖出,134.2,300,40260.0,9.48,20.13,0.4
2024-12-27,002080,中材科技,卖出,14.09,700,9863.0,5.0,4.93,0.0
2024-12-27,300189,神农种业,买入,3.66,13700,50142.0,11.8,0.0,0.0
2024-12-30,300189,神农种业,卖出,3.92,13700,53704.0,12.64,26.86,0.0
2024-12-30,300493,润欣科技,买入,28.13,1900,53447.0,12.58,0.0,0.0
2024-12-31,300493,润欣科技,卖出,28.5,1900,54150.0,12.75,27.08,0.0
2025-01-02,300493,润欣科技,买入,28.57,1800,51426.0,12.11,0.0,0.0
2025-01-06,300493,润欣科技,卖出,24.48,1800,44064.0,10.37,22.02,0.0
2025-01-07,300189,神农种业,买入,3.55,12400,44020.0,10.36,0.0,0.0
2025-01-08,300189,神农种业,卖出,3.61,12400,44764.0,10.54,22.38,0.0
2025-01-08,002173,创新医疗,买入,8.753,5000,43764.0,10.3,0.0,0.0
2025-01-09,300493,润欣科技,买入,30.49,1400,42686.0,10.05,0.0,0.0
2025-01-09,002173,创新医疗,卖出,8.85,5000,44250.0,10.42,22.13,0.0
2025-01-10,300493,润欣科技,卖出,29.52,1400,41328.0,9.73,20.66,0.0
2025-01-10,300537,广信材料,买入,18.77,2300,43171.0,10.16,0.0,0.0
2025-01-13,300537,广信材料,卖出,17.5,2300,40250.0,9.47,20.13,0.0
2025-01-14,300058,蓝色光标,买入,8.46,4800,40608.0,9.56,0.0,0.0
2025-01-15,300058,蓝色光标,卖出,10.02,4800,48096.0,11.32,24.05,0.0
2025-01-15,002323,雅博股份,买入,1.74,27700,48198.0,11.35,0.0,0.0
2025-01-16,002323,雅博股份,卖出,1.73,27700,47921.0,11.28,23.97,0.0
2025-01-16,002514,宝馨科技,买入,8.23,5800,47734.0,11.24,0.0,0.0
2025-01-17,002514,宝馨科技,卖出,7.51,5800,43558.0,10.25,21.78,0.0
2025-01-17,605337,李子园,买入,11.9,3600,42840.0,10.08,0.0,0.41
2025-01-20,600006,东风股份,买入,6.97,6100,42517.0,10.01,0.0,0.43
2025-01-20,605337,李子园,卖出,11.65,3600,41940.0,9.87,20.97,0.42
2025-01-21,600833,第一医药,买入,12.84,3300,42372.0,9.97,0.0,0.42
2025-01-21,600006,东风股份,卖出,7.04,6100,42944.0,10.11,21.47,0.43
2025-01-22,600833,第一医药,卖出,12.55,3300,41415.0,9.75,20.71,0.41
2025-01-22,603220,中贝通信,买入,20.93,2000,41860.0,9.85,0.0,0.42
2025-01-23,603220,中贝通信,卖出,21.67,2000,43340.0,10.2,21.67,0.42
2025-01-23,002115,三维通信,买入,7.09,6100,43249.0,10.18,0.0,0.0
2025-01-24,002115,三维通信,卖出,6.45,6100,39345.0,9.26,19.68,0.0
2025-01-24,600598,北大荒,买入,14.04,2800,39312.0,9.25,0.0,0.39
2025-02-06,600598,北大荒,卖出,14.32,2800,40096.0,9.44,20.05,0.4
2025-02-06,600789,鲁抗医药,买入,9.42,4200,39564.0,9.31,0.0,0.4
2025-02-07,600789,鲁抗医药,卖出,9.5,4200,39900.0,9.39,19.95,0.4
2025-02-07,600789,鲁抗医药,买入,9.95,4000,39800.0,9.37,0.0,0.4
2025-02-10,600789,鲁抗医药,买入,10.29,4000,41160.0,9.69,0.0,0.41
2025-02-10,600789,鲁抗医药,卖出,10.45,4000,41800.0,9.84,20.9,0.42
2025-02-11,300058,蓝色光标,买入,10.41,3900,40599.0,9.56,0.0,0.0
2025-02-11,600789,鲁抗医药,卖出,10.01,4000,40040.0,9.43,20.03,0.4
2025-02-12,300058,蓝色光标,卖出,10.21,3900,39819.0,9.37,19.91,0.0
2025-02-12,002077,大港股份,买入,15.2,2600,39520.0,9.3,0.0,0.0
2025-02-13,002077,大港股份,卖出,14.9,2600,38740.0,9.12,19.39,0.0
2025-02-13,000595,宝塔实业,买入,6.47,6000,38820.0,9.14,0.0,0.0
2025-02-14,000595,宝塔实业,卖出,6.19,6000,37140.0,8.74,18.57,0.0
2025-02-17,002080,中材科技,买入,12.63,2900,36627.0,8.62,0.0,0.0
2025-02-18,002080,中材科技,卖出,12.42,2900,36018.0,8.48,18.01,0.0
2025-02-18,000595,宝塔实业,买入,7.05,5200,36660.0,8.63,0.0,0.0
2025-02-19,000595,宝塔实业,卖出,6.86,5200,35672.0,8.4,17.84,0.0
2025-02-20,600132,重庆啤酒,买入,57.6,600,34560.0,8.14,0.0,0.34
2025-02-24,600132,重庆啤酒,卖出,57.08,200,11416.0,5.0,5.7,0.12
2025-02-24,600132,重庆啤酒,卖出,56.93,400,22772.0,5.36,11.39,0.23
2025-02-25,000759,中百集团,买入,9.12,3800,34656.0,8.16,0.0,0.0
2025-02-27,000759,中百集团,卖出,9.25,3800,35150.0,8.27,17.58,0.0
2025-02-27,600693,东百集团,买入,5.85,6100,35685.0,8.4,0.0,0.36
2025-02-28,600693,东百集团,卖出,6.262,6100,38200.0,8.99,19.1,0.38
2025-02-28,300094,国联水产,买入,3.75,10100,37875.0,8.92,0.0,0.0
2025-03-04,300094,国联水产,卖出,3.57,10100,36057.0,8.49,18.05,0.0
2025-03-04,605188,国光连锁,买入,7.22,5000,36100.0,8.5,0.0,0.38
2025-03-06,605188,国光连锁,卖出,7.4,2100,15540.0,5.0,7.77,0.16
2025-03-06,605188,国光连锁,卖出,7.36,2900,21344.0,5.02,10.67,0.21
2025-03-06,300059,东方财富,买入,23.49,1500,35235.0,8.29,0.0,0.0
2025-03-07,300059,东方财富,卖出,23.64,1500,35460.0,8.35,17.73,0.0
2025-03-07,002780,三夫户外,买入,11.26,3300,37158.0,8.75,0.0,0.0
2025-03-11,002840,华统股份,买入,11.71,3200,37472.0,8.82,0.0,0.0
2025-03-11,002780,三夫户外,卖出,11.34,3300,37422.0,8.81,18.71,0.0
2025-03-13,002840,华统股份,卖出,11.47,3200,36704.0,8.64,18.36,0.0
2025-03-13,002728,特一药业,买入,8.25,4400,36300.0,8.55,0.0,0.0
2025-03-14,002728,特一药业,卖出,8.18,4400,35992.0,8.47,17.99,0.0
2025-03-14,000759,中百集团,买入,9.49,3800,36062.0,8.49,0.0,0.0
2025-03-17,000759,中百集团,卖出,9.52,3800,36176.0,8.52,18.09,0.0
2025-03-17,002531,天顺风能,买入,7.74,4600,35604.0,8.38,0.0,0.0
2025-03-19,002531,天顺风能,卖出,7.57,4600,34822.0,8.2,17.41,0.0
2025-03-19,300493,润欣科技,买入,25.935,1300,33716.0,7.94,0.0,0.0
2025-03-21,300493,润欣科技,卖出,25.27,1300,32851.0,7.73,16.42,0.0
2025-03-21,002531,天顺风能,买入,7.98,4300,34314.0,8.08,0.0,0.0
2025-03-27,000558,天府文旅,买入,3.96,8100,32076.0,7.55,0.0,0.0
2025-03-27,002531,天顺风能,卖出,7.45,4300,32035.0,7.54,16.03,0.0
2025-03-28,000558,天府文旅,卖出,3.67,8100,29727.0,7.0,14.86,0.0
2025-03-28,600789,鲁抗医药,买入,11.29,2600,29354.0,6.91,0.0,0.29
2025-03-31,600789,鲁抗医药,卖出,10.36,2600,26936.0,6.34,13.47,0.26
2025-03-31,600104,上汽集团,买入,15.91,1700,27047.0,6.37,0.0,0.27
2025-04-03,600104,上汽集团,卖出,15.55,1700,26435.0,6.22,13.22,0.26
2025-04-03,300189,神农种业,买入,3.59,7500,26925.0,6.34,0.0,0.27
2025-04-08,300189,神农种业,卖出,4.85,7500,36375.0,8.56,18.19,0.36
2025-04-10,001318,阳光乳业,买入,14.12,2500,35300.0,8.31,0.0,0.35
2025-04-11,001318,阳光乳业,卖出,14.2,2500,35500.0,8.36,17.75,0.36
2025-04-14,300537,广信材料,买入,17.08,2100,35868.0,8.44,0.0,0.36
2025-04-15,300537,广信材料,卖出,17.18,2100,36078.0,8.49,18.04,0.37
2025-04-15,000681,视觉中国,买入,19.98,1800,35964.0,8.47,0.0,0.36
2025-04-16,002190,成飞集成,买入,16.38,2100,34398.0,8.1,0.0,0.34
2025-04-16,000681,视觉中国,卖出,19.09,1800,34362.0,8.09,17.16,0.36
2025-04-18,002190,成飞集成,卖出,15.7,2100,32970.0,7.76,16.5,0.33
2025-04-21,003023,彩虹集团,买入,19.04,1700,32368.0,7.62,0.0,0.32
2025-04-22,003023,彩虹集团,卖出,18.19,1700,30923.0,7.28,15.47,0.32
2025-04-22,600095,湘财股份,买入,8.4,3600,30240.0,7.12,0.0,0.31
2025-04-24,600095,湘财股份,卖出,8.32,3600,29952.0,7.05,14.98,0.3
2025-04-24,002366,融发核电,买入,4.81,6300,30303.0,7.13,0.0,0.3
2025-04-29,002366,融发核电,卖出,4.79,6300,30177.0,7.1,15.08,0.3
2025-04-29,002131,利欧股份,买入,3.55,8500,30175.0,7.1,0.0,0.3
2025-04-30,002131,利欧股份,卖出,3.87,8500,32895.0,7.74,16.43,0.31
2025-04-30,002131,利欧股份,买入,3.85,8500,32725.0,7.7,0.0,0.33
2025-05-06,002131,利欧股份,卖出,3.91,8500,33235.0,7.82,16.61,0.33
2025-05-06,002131,利欧股份,买入,3.97,8300,32951.0,7.76,0.0,0.33
2025-05-07,300059,东方财富,买入,22.42,1400,31388.0,7.39,0.0,0.31
2025-05-07,002131,利欧股份,卖出,4.01,8300,33283.0,7.83,16.64,0.33
2025-05-08,300059,东方财富,卖出,21.13,1400,29582.0,6.96,14.79,0.3
2025-05-08,002044,美年健康,买入,5.57,5600,31192.0,7.34,0.0,0.31
2025-05-12,002044,美年健康,卖出,5.35,5600,29960.0,7.05,14.98,0.3
2025-05-12,300059,东方财富,买入,21.7,1300,28210.0,6.64,0.0,0.28
2025-05-13,300059,东方财富,卖出,21.76,1300,28288.0,6.66,14.14,0.28
2025-05-13,300058,蓝色光标,买入,9.02,3300,29766.0,7.01,0.0,0.3
2025-05-14,300058,蓝色光标,卖出,8.76,3300,28908.0,6.8,14.45,0.29
2025-05-14,002923,润都股份,买入,12.37,2300,28451.0,6.7,0.0,0.28
2025-05-15,002923,润都股份,卖出,12.71,2300,29233.0,6.88,14.62,0.3
2025-05-15,300189,神农种业,买入,4.43,6700,29681.0,6.99,0.0,0.3
2025-05-16,300189,神农种业,卖出,4.27,6700,28609.0,6.73,14.3,0.29
2025-05-16,002366,融发核电,买入,5.41,5300,28673.0,6.75,0.0,0.29
2025-05-21,002697,红旗连锁,买入,6.06,4500,27270.0,6.42,0.0,0.27
2025-05-21,002366,融发核电,卖出,5.21,5300,27613.0,6.5,13.8,0.28
2025-05-22,002697,红旗连锁,卖出,6.01,4500,27045.0,6.37,13.52,0.27
2025-05-22,300189,神农种业,买入,4.47,6100,27267.0,6.42,0.0,0.27
2025-05-23,300189,神农种业,卖出,4.26,6100,25986.0,6.12,12.98,0.26
2025-05-23,000777,中核科技,买入,18.48,1400,25872.0,6.09,0.0,0.26
2025-05-26,000777,中核科技,卖出,18.51,1400,25914.0,6.1,12.96,0.26
2025-05-26,300255,常山药业,买入,28.8,900,25920.0,6.1,0.0,0.26
2025-05-30,300255,常山药业,卖出,36.9,900,33210.0,7.82,16.61,0.33
2025-05-30,300148,天舟文化,买入,5.18,6400,33152.0,7.8,0.0,0.33
2025-06-03,300148,天舟文化,卖出,4.96,6400,31744.0,7.47,15.87,0.31
2025-06-04,601007,金陵饭店,买入,7.87,4000,31480.0,7.41,0.0,0.31
2025-06-06,300086,康芝药业,买入,5.46,5700,31122.0,7.33,0.0,0.31
2025-06-06,601007,金陵饭店,卖出,7.9,4000,31600.0,7.44,15.8,0.31
2025-06-10,300537,广信材料,买入,20.02,1500,30030.0,7.07,0.0,0.3
2025-06-10,300086,康芝药业,卖出,5.43,5700,30951.0,7.29,15.48,0.31
2025-06-11,300537,广信材料,卖出,20.6,1500,30900.0,7.27,15.45,0.31
2025-06-11,301156,美农生物,买入,21.63,1400,30282.0,7.13,0.0,0.3
2025-06-17,301156,美农生物,卖出,19.77,1400,27678.0,6.52,13.84,0.28
2025-06-18,002241,歌尔股份,买入,23.63,1200,28356.0,6.68,0.0,0.28
2025-06-25,002241,歌尔股份,卖出,23.79,1200,28548.0,6.72,14.28,0.29
2025-06-25,300059,东方财富,买入,24.33,1200,29196.0,6.87,0.0,0.28
2025-06-26,300059,东方财富,卖出,23.12,1200,27744.0,6.53,13.87,0.28
2025-06-26,002241,歌尔股份,买入,23.41,1200,28092.0,6.61,0.0,0.28
2025-06-27,002241,歌尔股份,卖出,23.17,1200,27804.0,6.55,13.9,0.28
2025-06-27,600595,中孚实业,买入,4.36,6300,27468.0,6.47,0.0,0.28
2025-07-02,600595,中孚实业,卖出,4.86,6300,30618.0,7.21,15.31,0.31
2025-07-02,300189,神农种业,买入,4.59,6600,30294.0,7.13,0.0,0.3
2025-07-04,300442,润泽科技,买入,49.86,600,29916.0,7.04,0.0,0.3
2025-07-04,300189,神农种业,卖出,4.54,6600,29964.0,7.05,14.98,0.3
2025-07-08,300442,润泽科技,卖出,48.73,600,29238.0,6.88,14.62,0.29
2025-07-08,002317,众生药业,买入,16.06,1800,28908.0,6.8,0.0,0.29
2025-07-09,002317,众生药业,卖出,15.62,1800,28116.0,6.62,14.06,0.28
2025-07-09,002080,中材科技,买入,24.21,1100,26631.0,6.27,0.0,0.27
2025-07-10,002080,中材科技,卖出,25.03,1100,27533.0,6.48,13.77,0.28
2025-07-10,600518,康美药业,买入,2.12,13800,29256.0,6.89,0.0,0.29
2025-07-11,600518,康美药业,卖出,2.06,13800,28428.0,6.69,14.21,0.28
2025-07-11,603220,中贝通信,买入,22.69,1200,27228.0,6.41,0.0,0.27
2025-07-14,603220,中贝通信,卖出,22.55,1200,27060.0,6.37,13.53,0.27
2025-07-14,002511,中顺洁柔,买入,7.51,3700,27787.0,6.54,0.0,0.28
2025-07-15,002511,中顺洁柔,买入,7.88,3700,29156.0,6.86,0.0,0.29
2025-07-15,002511,中顺洁柔,卖出,7.86,3700,29082.0,6.85,14.55,0.3
2025-07-16,002511,中顺洁柔,卖出,7.86,3700,29082.0,6.85,14.55,0.29
2025-07-16,002728,特一药业,买入,9.2,3100,28520.0,6.71,0.0,0.29
2025-07-17,002728,特一药业,卖出,9.25,3100,28675.0,6.75,14.34,0.29
2025-07-17,300255,常山药业,买入,43.88,600,26328.0,6.2,0.0,0.26
2025-07-18,300255,常山药业,卖出,44.3,600,26580.0,6.26,13.31,0.25
2025-07-18,002466,天齐锂业,买入,35.59,800,28472.0,6.7,0.0,0.28
2025-07-21,002466,天齐锂业,卖出,35.84,800,28672.0,6.75,14.33,0.29
2025-07-21,600595,中孚实业,买入,4.64,6400,29696.0,6.99,0.0,0.29
2025-07-22,600595,中孚实业,卖出,4.66,6400,29824.0,7.02,14.91,0.3
2025-07-22,300189,神农种业,买入,4.79,6200,29698.0,6.99,0.0,0.3
2025-07-23,002508,老板电器,买入,19.64,1400,27496.0,6.47,0.0,0.27
2025-07-23,300189,神农种业,卖出,4.56,6200,28272.0,6.66,14.14,0.28
2025-07-24,300189,神农种业,买入,4.82,5800,27956.0,6.58,0.0,0.28
2025-07-24,002508,老板电器,卖出,19.51,1400,27314.0,6.43,13.67,0.28
2025-07-25,300189,神农种业,卖出,5.02,5800,29116.0,6.85,14.56,0.29
2025-07-25,300059,东方财富,买入,24.36,1200,29232.0,6.88,0.0,0.29
2025-07-29,300059,东方财富,卖出,23.9,1200,28680.0,6.75,14.35,0.29
2025-07-29,002317,众生药业,买入,19.13,1100,21043.0,5.0,0.0,0.21
2025-07-29,300086,康芝药业,买入,8.0,900,7200.0,5.0,0.0,0.07
2025-07-30,002317,众生药业,卖出,19.52,1100,21472.0,5.05,10.74,0.21
2025-07-30,300086,康芝药业,卖出,7.92,900,7128.0,5.0,3.56,0.07
2025-07-30,300537,广信材料,买入,26.92,1000,26920.0,6.34,0.0,0.27
2025-08-04,300537,广信材料,卖出,24.73,1000,24730.0,5.82,12.39,0.22
2025-08-04,300255,常山药业,买入,43.26,600,25956.0,6.11,0.0,0.26
2025-08-06,300537,广信材料,买入,25.96,1000,25960.0,6.11,0.0,0.26
2025-08-06,300255,常山药业,卖出,42.66,600,25596.0,6.03,12.8,0.26
2025-08-07,300537,广信材料,卖出,26.2,1000,26200.0,6.17,13.1,0.29
2025-08-07,300251,光线传媒,买入,21.47,1200,25764.0,6.06,0.0,0.26
2025-08-08,300251,光线传媒,卖出,20.83,1200,24996.0,5.88,12.5,0.25
2025-08-08,300058,蓝色光标,买入,7.11,3600,25596.0,6.03,0.0,0.25
2025-08-11,300058,蓝色光标,卖出,6.84,3600,24624.0,5.8,12.31,0.25
2025-08-11,002511,中顺洁柔,买入,8.227,3000,24681.0,5.81,0.0,0.24
2025-08-13,002511,中顺洁柔,卖出,8.22,3000,24660.0,5.8,12.33,0.25
2025-08-13,300351,永贵电器,买入,18.35,1300,23855.0,5.62,0.0,0.24
2025-08-14,300351,永贵电器,卖出,19.26,1300,25038.0,5.89,12.52,0.25
2025-08-14,300059,东方财富,买入,24.52,1000,24520.0,5.77,0.0,0.25
2025-08-15,300059,东方财富,卖出,24.39,1000,24390.0,5.74,12.2,0.24
2025-08-15,600737,中粮糖业,买入,13.15,1900,24985.0,5.88,0.0,0.25
2025-08-19,300086,康芝药业,买入,7.42,4200,31164.0,7.34,0.0,0.31
2025-08-19,600737,中粮糖业,卖出,16.07,1900,30533.0,7.19,15.27,0.31
2025-08-20,600673,东阳光,买入,18.87,1500,28305.0,6.66,0.0,0.28
2025-08-20,300086,康芝药业,卖出,7.1,4200,29820.0,7.02,14.92,0.3
2025-08-22,600673,东阳光,卖出,18.74,1500,28110.0,6.62,14.06,0.28
2025-08-22,300537,广信材料,买入,28.5,1000,28500.0,6.71,0.0,0.29
2025-08-25,300537,广信材料,卖出,29.05,1000,29050.0,6.84,14.52,0.29
2025-08-25,300058,蓝色光标,买入,7.5,4000,30000.0,7.06,0.0,0.3
2025-08-27,300058,蓝色光标,卖出,7.53,4000,30120.0,7.09,15.05,0.31
2025-08-27,002555,三七互娱,买入,20.35,1400,28490.0,6.71,0.0,0.28
2025-08-28,002555,三七互娱,卖出,19.29,1400,27006.0,6.36,13.5,0.27
2025-08-28,002340,格林美,买入,7.39,3800,28082.0,6.61,0.0,0.28
2025-08-29,002340,格林美,卖出,7.56,3800,28728.0,6.76,14.36,0.29
2025-08-29,600039,四川路桥,买入,8.67,3300,28611.0,6.74,0.0,0.29
2025-09-01,600039,四川路桥,买入,8.92,3400,30328.0,7.14,0.0,0.31
2025-09-01,600039,四川路桥,卖出,9.21,3300,30393.0,7.15,15.2,0.3
2025-09-04,600039,四川路桥,卖出,8.77,3400,29818.0,7.02,14.92,0.29
2025-09-04,601012,隆基绿能,买入,17.43,1700,29631.0,6.98,0.0,0.3
2025-09-05,601012,隆基绿能,卖出,17.8,1700,30260.0,7.12,15.13,0.3
2025-09-05,300351,永贵电器,买入,17.43,1700,29631.0,6.98,0.0,0.31
2025-09-08,300351,永贵电器,卖出,17.52,1700,29784.0,7.01,14.89,0.3
2025-09-08,300189,神农种业,买入,4.69,6600,30954.0,7.29,0.0,0.31
2025-09-09,300189,神农种业,卖出,4.6,6600,30360.0,7.15,15.18,0.3
2025-09-09,600958,东方证券,买入,10.97,2800,30716.0,7.23,0.0,0.3
2025-09-12,600958,东方证券,卖出,10.9,2800,30520.0,7.18,15.26,0.31
2025-09-12,000519,中兵红箭,买入,18.54,1600,29664.0,6.98,0.0,0.3
2025-09-16,000519,中兵红箭,卖出,18.35,1600,29360.0,6.91,14.68,0.29
2025-09-16,300086,康芝药业,买入,7.08,4200,29736.0,7.0,0.0,0.33
2025-09-17,002551,尚荣医疗,买入,4.36,6600,28776.0,6.77,0.0,0.29
2025-09-17,300086,康芝药业,卖出,6.83,4200,28686.0,6.75,14.35,0.28
2025-09-18,002551,尚荣医疗,卖出,4.18,6600,27588.0,6.49,13.82,0.27
2025-09-18,000100,TCL科技,买入,4.4,6300,27720.0,6.53,0.0,0.28
2025-09-22,000100,TCL科技,卖出,4.36,6300,27468.0,6.47,13.73,0.27
2025-09-22,300967,晓鸣股份,买入,23.88,1100,26268.0,6.18,0.0,0.26
2025-09-23,300967,晓鸣股份,卖出,23.52,1100,25872.0,6.09,12.94,0.26
2025-09-23,600900,长江电力,买入,27.33,900,24597.0,5.79,0.0,0.25
2025-09-23,000665,湖北广电,买入,5.93,400,2372.0,5.0,0.0,0.02
2025-09-25,000665,湖北广电,卖出,6.21,400,2484.0,5.0,1.24,0.02
2025-09-25,600900,长江电力,卖出,27.31,900,24579.0,5.79,12.29,0.25
2025-09-25,002181,粤 传 媒,买入,7.89,3400,26826.0,6.31,0.0,0.27
2025-09-29,601985,中国核电,买入,8.71,3100,27001.0,6.36,0.0,0.27
2025-09-29,002181,粤 传 媒,卖出,8.04,3400,27336.0,6.43,13.67,0.27
2025-09-30,300189,神农种业,买入,4.37,6300,27531.0,6.48,0.0,0.28
2025-09-30,601985,中国核电,卖出,8.72,3100,27032.0,6.36,13.52,0.27
2025-10-13,300189,神农种业,卖出,4.66,6300,29358.0,6.91,14.68,0.29
2025-10-13,600674,川投能源,买入,14.84,1900,28196.0,6.64,0.0,0.28
2025-10-17,600674,川投能源,卖出,14.81,1900,28139.0,6.62,14.07,0.28
2025-10-20,002840,华统股份,买入,10.69,2700,28863.0,6.79,0.0,0.28
2025-10-21,002840,华统股份,卖出,10.61,2700,28647.0,6.74,14.32,0.28
2025-10-21,301211,亨迪药业,买入,13.1,2200,28820.0,6.78,0.0,0.29
2025-10-23,301211,亨迪药业,卖出,14.29,2200,31438.0,7.4,15.72,0.32
2025-10-27,002167,东方锆业,买入,13.37,2300,30751.0,7.24,0.0,0.31
2025-10-29,002167,东方锆业,卖出,13.27,2300,30521.0,7.18,15.26,0.31
2025-10-30,301211,亨迪药业,买入,13.79,2200,30338.0,7.14,0.0,0.3
2025-11-05,301211,亨迪药业,卖出,14.49,2200,31878.0,7.5,15.94,0.32
2025-11-05,300453,三鑫医疗,买入,9.73,3300,32109.0,7.56,0.0,0.33
2025-11-06,300453,三鑫医疗,卖出,9.62,3300,31746.0,7.47,15.88,0.33
2025-11-10,301211,亨迪药业,买入,14.65,2100,30765.0,7.24,0.0,0.31
2025-11-13,301211,亨迪药业,卖出,14.4,2100,30240.0,7.12,15.12,0.29
2025-11-13,002878,元隆雅图,买入,19.2,1600,30720.0,7.23,0.0,0.31
2025-11-14,002878,元隆雅图,卖出,19.07,1600,30512.0,7.18,15.26,0.3
2025-11-14,603811,诚意药业,买入,12.0,2500,30000.0,7.06,0.0,0.3
2025-11-18,603811,诚意药业,卖出,11.55,2500,28875.0,6.8,14.44,0.29
2025-11-18,300537,广信材料,买入,22.58,1300,29354.0,6.91,0.0,0.29
2025-11-25,300537,广信材料,卖出,23.21,1300,30173.0,7.1,15.09,0.3
2025-11-25,002291,遥望科技,买入,7.78,3900,30342.0,7.14,0.0,0.3
2025-11-27,002291,遥望科技,卖出,7.89,3900,30771.0,7.24,15.39,0.31
2025-11-27,003023,彩虹集团,买入,23.35,1300,30355.0,7.15,0.0,0.3
2025-12-02,002162,悦心健康,买入,5.18,6000,31080.0,7.32,0.0,0.35
2025-12-02,003023,彩虹集团,卖出,23.61,1300,30693.0,7.23,15.35,0.31
2025-12-04,002162,悦心健康,卖出,5.13,6000,30780.0,7.25,15.39,0.31
2025-12-04,002321,华英农业,买入,2.83,10900,30847.0,7.26,0.0,0.32
2025-12-05,002321,华英农业,卖出,2.74,10900,29866.0,7.03,14.93,0.3
2025-12-05,300024,机器人,买入,17.52,1700,29784.0,7.01,0.0,0.3
2025-12-11,300024,机器人,卖出,17.25,1700,29325.0,6.9,14.67,0.29
2025-12-11,603087,甘李药业,买入,65.21,400,26084.0,6.14,0.0,0.27
2025-12-16,603087,甘李药业,卖出,65.82,400,26328.0,6.2,13.16,0.26
2025-12-16,603366,日出东方,买入,10.09,2900,29261.0,6.89,0.0,0.29
2025-12-19,603366,日出东方,卖出,10.16,2900,29464.0,6.94,14.73,0.29
2025-12-19,301211,亨迪药业,买入,12.58,2300,28934.0,6.81,0.0,0.3
2025-12-25,301211,亨迪药业,卖出,12.47,2300,28681.0,6.75,14.33,0.27
2025-12-25,000617,中油资本,买入,9.64,3000,28920.0,6.81,0.0,0.29
2026-01-05,300687,赛意信息,买入,23.5,1200,28200.0,6.64,0.0,0.28
2026-01-05,000617,中油资本,卖出,9.42,3000,28260.0,6.65,14.13,0.28
2026-01-06,300687,赛意信息,卖出,24.28,1200,29136.0,6.86,14.57,0.29
2026-01-08,301211,亨迪药业,买入,12.81,2300,29463.0,6.94,0.0,0.29
2026-01-12,301211,亨迪药业,卖出,12.92,2300,29716.0,7.0,14.86,0.3
2026-01-12,002291,遥望科技,买入,7.28,4100,29848.0,7.03,0.0,0.3
2026-01-13,002291,遥望科技,卖出,7.74,4100,31734.0,7.47,15.87,0.32
2026-01-13,301211,亨迪药业,买入,13.46,2300,30958.0,7.29,0.0,0.31
2026-01-15,301211,亨迪药业,卖出,12.92,2300,29716.0,7.0,14.86,0.3
2026-01-15,000833,粤桂股份,买入,21.91,1300,28483.0,6.7,0.0,0.29
2026-01-22,000833,粤桂股份,卖出,20.96,1300,27248.0,6.41,13.62,0.27
2026-01-22,300651,金陵体育,买入,26.33,1100,28963.0,6.82,0.0,0.29
2026-01-23,301211,亨迪药业,买入,12.96,2200,28512.0,6.71,0.0,0.29
2026-01-23,300651,金陵体育,卖出,25.68,1100,28248.0,6.65,14.11,0.3
2026-01-27,301211,亨迪药业,卖出,14.06,2200,30932.0,7.28,15.46,0.31
2026-01-28,600036,招商银行,买入,38.36,800,30688.0,7.22,0.0,0.31
2026-01-29,600036,招商银行,卖出,37.68,800,30144.0,7.1,15.07,0.3
2026-01-29,600722,金牛化工,买入,8.06,3700,29822.0,7.02,0.0,0.3
2026-02-02,600722,金牛化工,卖出,7.92,3700,29304.0,6.9,14.65,0.3
2026-02-02,002041,登海种业,买入,11.92,2500,29800.0,7.01,0.0,0.3
2026-02-05,002041,登海种业,卖出,10.79,2500,26975.0,6.35,13.49,0.27
2026-02-05,301211,亨迪药业,买入,12.94,2000,25880.0,6.09,0.0,0.25
2026-02-09,301211,亨迪药业,卖出,13.18,2000,26360.0,6.21,13.18,0.26
2026-02-09,300493,润欣科技,买入,19.78,1300,25714.0,6.05,0.0,0.26
2026-02-10,300493,润欣科技,卖出,19.92,1300,25896.0,6.1,12.95,0.26
2026-02-10,301211,亨迪药业,买入,13.23,2000,26460.0,6.23,0.0,0.26
2026-02-11,301211,亨迪药业,卖出,12.98,2000,25960.0,6.11,12.98,0.26
2026-02-11,600080,金花股份,买入,8.37,3200,26784.0,6.3,0.0,0.27
2026-02-24,600080,金花股份,卖出,8.43,3200,26976.0,6.35,13.49,0.27
2026-02-24,301211,亨迪药业,买入,12.74,2100,26754.0,6.3,0.0,0.26
